episode_title,actor_name,character_name,credit_order
The National Anthem,Rory Kinnear,Michael Callow,1
The National Anthem,Lindsay Duncan,Alex Cairns,2
The National Anthem,Donald Sumpter,Julian Hereford,3
The National Anthem,Tom Goodman-Hill,Tom Bilce,4
The National Anthem,Anna Wilson-Jones,Jane Callow,5
The National Anthem,Patrick Kennedy,Section Chief Walker,6
The National Anthem,Alastair Mackenzie,Martin,7
The National Anthem,Chetna Pandya,Malaika,8
The National Anthem,Alex Macqueen,Special Agent Callett,9
The National Anthem,Jay Simpson,Rod Senseless,10
The National Anthem,Helen Fospero,Lucinda Towne,11
The National Anthem,Lydia Wilson,Princess Susannah,12
The National Anthem,Sophie Kennedy Clark,Lauren,13
The National Anthem,Andrew Knott,Brian,14
The National Anthem,Allen Leech,Pike,15
The National Anthem,Johann Myers,Noel,16
The National Anthem,Sophie Wu,Jamie,17
The National Anthem,Rakie Ayola,Shelly,18
The National Anthem,Amit Shah,Jack,19
The National Anthem,Nick Hendrix,Andrew,20
The National Anthem,Justin Edwards,Jon,21
The National Anthem,Jeany Spark,Camilla,22
The National Anthem,Aymen Hamdouchi,Kieran,23
The National Anthem,Julian Rivett,Damon Brown,24
The National Anthem,Jonathan Forbes,Browne,25
The National Anthem,Madeleine Bowyer,Sonia,26
The National Anthem,Jeffry Wickham,Sir Harold Mount,27
The National Anthem,Shazad Latif,Mehdi Raboud,28
The National Anthem,Eleanor Wyld,Young Actress,29
The National Anthem,Wolf Wasserman,Spark,30
The National Anthem,McKell David,Son,31
The National Anthem,Dominic Le Moignan,Prince,32
Fifteen Million Merits,Daniel Kaluuya,Bing,1
Fifteen Million Merits,Jessica Brown Findlay,Abi,2
Fifteen Million Merits,Rupert Everett,Judge Hope,3
Fifteen Million Merits,Julia Davis,Judge Charity,4
Fifteen Million Merits,Ashley Thomas,Judge Wraith,5
Fifteen Million Merits,Paul Popplewell,Dustin,6
Fifteen Million Merits,Isabella Laughland,Swift,7
Fifteen Million Merits,David Fynn,Oliver,8
Fifteen Million Merits,Colin Michael Carmichael,Kai,9
Fifteen Million Merits,Hannah John-Kamen,Selma Telse,10
Fifteen Million Merits,Kerrie Hayes,Glee,11
Fifteen Million Merits,Eugene O'Hare,Hammond,12
Fifteen Million Merits,Jaimi Barbakoff,Anna,13
Fifteen Million Merits,Merce Ribot,Big Shot Registration Lady,14
Fifteen Million Merits,Matthew Burgess,Botherguts Host,15
Fifteen Million Merits,Laura Power,Interviewer,16
Fifteen Million Merits,Matt Stokoe,Guard,17
The Entire History of You,Toby Kebbell,Liam,1
The Entire History of You,Jodie Whittaker,Ffion,2
The Entire History of You,Tom Cullen,Jonas,3
The Entire History of You,Amy Beth Hayes,Lucy,4
The Entire History of You,Rebekah Staton,Colleen,5
The Entire History of You,Rhashan Stone,Jeff,6
The Entire History of You,Phoebe Fox,Hallam,7
The Entire History of You,Jimi Mistry,Paul,8
The Entire History of You,Daniel Lapaine,Max,9
The Entire History of You,Karl Collins,Robbie,10
The Entire History of You,Elizabeth Chan,Leah,11
The Entire History of You,Mona Goodwin,Gina,12
The Entire History of You,Kemal Sylvester,Airport Security,13
Be Right Back,Hayley Atwell,Martha,1
Be Right Back,Domhnall Gleeson,Ash,2
Be Right Back,Claire Keelan,Naomi,3
Be Right Back,Sinead Matthews,Sarah,4
Be Right Back,Flora Nicholson,Midwife,5
Be Right Back,Glenn Hanning,Delivery Man,6
Be Right Back,Tim Delap,Simon,7
Be Right Back,Indira Ainger,Martha's Daughter,8
White Bear,Lenora Crichlow,Victoria Skillane,1
White Bear,Michael Smiley,Baxter,2
White Bear,Tuppence Middleton,Jem,3
White Bear,Ian Bonar,Damien,4
White Bear,Elisabeth Hopper,Knife Woman,5
White Bear,Nick Bartlett,Welder Guy,6
White Bear,Nick Ofield,Iain Rannoch,7
White Bear,Russell Barnett,News Reporter,8
White Bear,Imani Jackman,Jemima,9
The Waldo Moment,Daniel Rigby,Jamie Salter,1
The Waldo Moment,Chloe Pirrie,Gwendolyn Harris,2
The Waldo Moment,Jason Flemyng,Jack Napier,3
The Waldo Moment,Tobias Menzies,Liam Monroe,4
The Waldo Moment,Christina Chong,Tamsin,5
The Waldo Moment,James Lance,Conor Simpson,6
The Waldo Moment,Ed Gaughan,Shaun,7
The Waldo Moment,Kenneth Collard,Jim,8
The Waldo Moment,Michael Shaeffer,Roy,9
The Waldo Moment,Pip Torrens,Philip Crane,10
The Waldo Moment,David Ajala,Jeff Carter,11
The Waldo Moment,James Richard Marshall,Monroe's Campaign Agent,12
The Waldo Moment,Jack Monaghan,Hustings Host,13
The Waldo Moment,Louis Waymouth,Simon Finch,14
The Waldo Moment,Daniel Tatarsky,Returning Officer,15
The Waldo Moment,Michael Webber,MP Selection Committee 1,16
The Waldo Moment,Abigail Thaw,MP Selection Committee 2,17
The Waldo Moment,Bruce Mackinnon,MP Selection Committee 3,18
The Waldo Moment,Amber Anderson,Sara,19
The Waldo Moment,James Howard,Reporter,20
The Waldo Moment,Charlotte Longfield,Shopper,21
The Waldo Moment,Sarah Hoare,Woman with Pushchair,22
White Christmas,Jon Hamm,Matt Trent,1
White Christmas,Rafe Spall,Joe Potter,2
White Christmas,Oona Chaplin,Greta,3
White Christmas,Natalia Tena,Jennifer,4
White Christmas,Janet Montgomery,Bethany 'Beth' Grey,5
White Christmas,Rasmus Hardiker,Harry,6
White Christmas,Dan Li,Tim,7
White Christmas,Ken Drury,Gordon Grey,8
White Christmas,Zahra Ahmadi,Gita,9
White Christmas,Verity Marshall,Amy,10
White Christmas,Ian Attard,Dawson Welch,11
White Christmas,Grainne Keenan,Claire,12
White Christmas,Robin Weaver,Holder,13
White Christmas,Simon Nock,Fenn,14
White Christmas,Diveen Henry,Fola,15
White Christmas,Esther Smith,Madge,16
White Christmas,Beatrice Curnew,Surgeon,17
White Christmas,Jonathan Arkwright,Bloke at Bar,18
White Christmas,Liz May Brice,Gainsborough,19
White Christmas,Nicholas Agnew,Mungo,20
White Christmas,Gavin Kean,Desk Sergeant,21
White Christmas,Sukh Ojla,Market Woman,22
White Christmas,Leanne Li,May,23
White Christmas,Magnus Robertson-Jones,Baby May Double,24
White Christmas,Beatrice Robertson-Jones,Older May Double,25
White Christmas,Raphael Sowole,Nixon,26
White Christmas,Turlough Convery,Stingray,27
White Christmas,Samuel Valentine,I_AM_WALDO,28
White Christmas,Matthew Aubrey,El Nino,29
White Christmas,Muzz Khan,Fappuccino,30
White Christmas,Daniel Kendrick,Pie Ape,31
Nosedive,Bryce Dallas Howard,Lacie Pound,1
Nosedive,Alice Eve,Naomi Jayne Blestow,2
Nosedive,Cherry Jones,Susan,3
Nosedive,James Norton,Ryan Pound,4
Nosedive,Alan Ritchson,Paul,5
Nosedive,Daisy Haggard,Bets,6
Nosedive,Susannah Fielding,Carol,7
Nosedive,Michaela Coel,Airport Stewardess,8
Nosedive,Demetri Goritsas,Hansen,9
Nosedive,Kadiff Kirwan,Chester,10
Nosedive,Sope Dirisu,Man in Jail,11
Nosedive,Clayton Evertson,Ted,12
Nosedive,Andrew Roux,Electro Station Assistant,13
Nosedive,Anjana Vasan,Space Cop,14
Nosedive,Colin Moss,Anthony,15
Nosedive,Nambitha Ben-Mazwi,Glam Woman,16
Nosedive,Jeffrey Davenport,Cab Driver,17
Nosedive,Ntokozo Majozi,Jack the Barrista,18
Nosedive,Justin Munitz,Keith,19
Nosedive,Zandile Madliwa,Alien Girl,20
Nosedive,Kevin Otto,Pastor,21
Nosedive,Shane Zaza,Chuck,22
Nosedive,Abubakar Salim,Airport Guard,23
Nosedive,Nathan Ohene Djan,Holographic Boyfriend,24
Nosedive,Jennie Nielson,Woman in Car,25
Nosedive,Deon Lotz,Man in Car,26
Nosedive,Daniel Newton,Kid on the Quad Bike,27
Nosedive,Rebecca Newton,Kid's Younger Sister,28
Nosedive,Lewelyn Van Den Berg,Male Jogger,29
Nosedive,Blessing Mamuesa,Glam Woman's Son,30
Playtest,Wyatt Russell,Cooper Redfield,1
Playtest,Hannah John-Kamen,Sonja,2
Playtest,Wunmi Mosaku,Katie,3
Playtest,Ken Yamamura,Shou Saito,4
Playtest,Elizabeth Moynihan,Cooper's Mum,5
Playtest,Jamie Christofersen,Rick Peters,6
Playtest,Jessica Neil,Scared Girl on Plane,7
Shut Up and Dance,Alex Lawther,Kenny,1
Shut Up and Dance,Jerome Flynn,Hector,2
Shut Up and Dance,Susannah Doyle,Blackmailed Woman,3
Shut Up and Dance,Frankie Wilson,Tom,4
Shut Up and Dance,Jimmy Roye-Dunne,Red,5
Shut Up and Dance,Hannah Steele,Melissa,6
Shut Up and Dance,Sarah Beck Mather,Restaurant Mother,7
Shut Up and Dance,Beatrice Robertson-Jones,Restaurant Daughter,8
Shut Up and Dance,Maya Gerber,Lindsay,9
Shut Up and Dance,Camilla Power,Sandra,10
Shut Up and Dance,Ivanno Jeremiah,Moped Man,11
Shut Up and Dance,Mariam Haque,Petrol Station Attendant,12
Shut Up and Dance,Natasha Little,Karen,13
Shut Up and Dance,Nicola Sloane,Bank Clerk,14
Shut Up and Dance,Paul Bazely,The Man in the Woods,15
Shut Up and Dance,Leanne Best,Penny,16
San Junipero,Gugu Mbatha-Raw,Kelly Booth,1
San Junipero,Mackenzie Davis,Yorkie,2
San Junipero,Denise Burse,Elder Kelly,3
San Junipero,Raymond McAnally,Greg,4
San Junipero,Gavin Stenhouse,Wes,5
San Junipero,Cheryl Anderson,Laura,6
San Junipero,Jackson Bews,Harvey,7
San Junipero,Annabel Davis,Elder Yorkie,8
San Junipero,Billy Griffin Jr.,Davis,9
San Junipero,Paul Kitson,Barman,10
San Junipero,Jeff Mash,Doctor,11
Men Against Fire,Malachi Kirby,Stripe,1
Men Against Fire,Madeline Brewer,Raiman,2
Men Against Fire,Ariane Labed,Catarina,3
Men Against Fire,Sarah Snook,Medina,4
Men Against Fire,Michael Kelly,Arquette,5
Men Against Fire,Kola Bokinni,Lennard,6
Men Against Fire,Francis Magee,Parn Heidekker,7
Men Against Fire,Aruhan Galieva,Village Mother,8
Men Against Fire,Simon Connolly,Doctor,9
Men Against Fire,Dean Ashton,Guard Bradley,10
Men Against Fire,Kavé Niku,Villager,11
Men Against Fire,Thomas Thoroe,Villager #2,12
Men Against Fire,Loreece Harrison,Dream Girl,13
Men Against Fire,Toby Oliver,Boy Roach,14
Men Against Fire,Michael Birch,Roach,15
Men Against Fire,Nick Gillard,Roach,16
Men Against Fire,Luke Gomes,Roach,17
Men Against Fire,Edward Upcott,Roach,18
Hated in the Nation,Kelly Macdonald,Karin Parke,1
Hated in the Nation,Faye Marsay,Blue Colson,2
Hated in the Nation,Benedict Wong,Shaun Li,3
Hated in the Nation,Jonas Karlsson,Rasmus Sjolberg,4
Hated in the Nation,Joe Armstrong,Nick Shelton,5
Hated in the Nation,Elizabeth Berrington,Jo Powers,6
Hated in the Nation,Charles Babalola,Tusk,7
Hated in the Nation,Ben Miles,Tom Pickering,8
Hated in the Nation,Esther Hall,Vanessa Dahl,9
Hated in the Nation,Holli Dempsey,Clara Meades,10
Hated in the Nation,Vinette Robinson,Liza Bahar,11
Hated in the Nation,Georgina Rich,Tess Wallender,12
Hated in the Nation,Duncan Pow,Garrett Scholes,13
Hated in the Nation,Cecilia Noble,Dame Patricia Lamarr,14
Hated in the Nation,Katherine Kingsley,Dana Costello,15
Hated in the Nation,James Larkin,Simon Powers,16
Hated in the Nation,Robin Pearce,Harry Barclay,17
Hated in the Nation,Adrian Lukis,"Home Secretary, Alex Wallis",18
Hated in the Nation,Jane Bertish,Head of MI5,19
Hated in the Nation,Anita Anand,News Anchor,20
Hated in the Nation,Thomas Dominique,Roadie,21
Hated in the Nation,Leonie Elliott,"Fiona, Clara's Flatmate",22
Hated in the Nation,Reon Smith Marshall,Aaron Sheen,23
Hated in the Nation,Mateusz Mirek,Delivery Man,24
Hated in the Nation,Jeremy Booth,Dog Walker,25
Hated in the Nation,Tom Ashley,Paramedic,26
Hated in the Nation,Matt Forde,Pundit,27
Hated in the Nation,Faiza Shaheen,Pundit,28
Hated in the Nation,Imogen Daines,MRI Technician,29
Hated in the Nation,Ziggy Heath,MRI,30
Hated in the Nation,Michael Bott,Inquiry Official,31
USS Callister,Jesse Plemons,Robert Daly,1
USS Callister,Cristin Milioti,Nanette Cole,2
USS Callister,Jimmi Simpson,Walton,3
USS Callister,Michaela Coel,Shania,4
USS Callister,Billy Magnussen,Valdack,5
USS Callister,Milanka Brooks,Elena Tulaska,6
USS Callister,Osy Ikhile,Nate Packer,7
USS Callister,Paul G. Raymond,Kabir Dudani,8
USS Callister,Hammed Animashaun,Pizza Guy,9
USS Callister,Tom Mulheron,Tommy,10
USS Callister,Aaron Paul,Gamer691 (voice),11
Arkangel,Rosemarie DeWitt,Marie,1
Arkangel,Brenna Harding,Sara,2
Arkangel,Owen Teague,Trick,3
Arkangel,Angela Vint,Anaesthetist,4
Arkangel,Jason Weinberg,Surgeon,5
Arkangel,Nicholas Campbell,Russ,6
Arkangel,Aniya Hodge,Sara age 3,7
Arkangel,Sabryn Rock,Pippa,8
Arkangel,Ted Charette,Young Man at Park,9
Arkangel,Carlos Pinder,Man Who Finds Sara,10
Arkangel,Jenny Raven,Jasmine,11
Arkangel,Paul Braunstein,Anthony,12
Arkangel,Sarah Abbott,Sara age 9,13
Arkangel,Nicky Torchia,Trick age 12,14
Arkangel,Mckayla Twiggs,Meryl age 9,15
Arkangel,Kaleb Young,Cal age 10,16
Arkangel,Matt Baram,Dr. Usborne,17
Arkangel,Lisa Michelle Cornelius,School Yard Teacher,18
Arkangel,Kaden Stephen,Boy in Fight,19
Arkangel,Abby Quinn,Meryl,20
Arkangel,Tosh Robertson,Hiro,21
Arkangel,Dempsey Bryk,Cal,22
Arkangel,Ronica Sajnani,Store Employee,23
Arkangel,Michelle Giroux,English Teacher,24
Arkangel,Edie Inksetter,School Nurse,25
Crocodile,Andrea Riseborough,Mia Nolan,1
Crocodile,Kiran Sonia Sawar,Shazia Akhand,2
Crocodile,Andrew Gower,Rob,3
Crocodile,Anthony Welsh,Anan Akhand,4
Crocodile,Claire Rushbrook,Police Detective,5
Crocodile,Joshua James,Gordy,6
Crocodile,Adelle Leonce,Noni Harper-Brown,7
Crocodile,Brian Pettifer,"William Grange, Dentist",8
Crocodile,Jamie Michie,Simon Nicholls,9
Crocodile,Armin Karima,"Farshad, Hotel Receptionist",10
Crocodile,Stefán Örn Eggertsson,Finn Nicholls,11
Crocodile,James Eeles,DC Lydon,12
Crocodile,Ólafía Hrönn Jónsdóttir,Felicity Carmichael,13
Crocodile,Dilja Imana,Ali Akhand,14
Crocodile,Sigurður Sigurjónsson,Room Service Man,15
Hang the DJ,Georgina Campbell,Amy,1
Hang the DJ,Joe Cole,Frank,2
Hang the DJ,Gina Bramhill,Coach (voice),3
Hang the DJ,George Blagden,Lenny,4
Hang the DJ,Gwyneth Keyworth,Nicola,5
Hang the DJ,Jessie Cave,Edna,6
Hang the DJ,Luke Manning,Mike,7
Hang the DJ,Tim Pritchett,Norman,8
Hang the DJ,Alex Tamaro,Butch,9
Hang the DJ,Che Watson,Silverfox,10
Hang the DJ,Bruce Chong,David,11
Hang the DJ,Anna Dobrucki,Patty,12
Metalhead,Maxine Peake,Bella,1
Metalhead,Jake Davies,Clarke,2
Metalhead,Clint Dyer,Anthony,3
Black Museum,Douglas Hodge,Rolo Haynes,1
Black Museum,Letitia Wright,Nish,2
Black Museum,Daniel Lapaine,Dawson,3
Black Museum,Aldis Hodge,Jack,4
Black Museum,Alexandra Roach,Carrie,5
Black Museum,Babs Olusanmokun,Clayton,6
Black Museum,Emily Vere Nicoll,Madge,7
Black Museum,Yasha Jackson,Emily,8
Black Museum,Amanda Warren,Angelica,9
Black Museum,Kyros McGee,Parker,10
Black Museum,Raj Paul,Paramedic,11
Black Museum,Jan van der Black,Homeless Guy,12
Striking Vipers,Anthony Mackie,Danny,1
Striking Vipers,Yahya Abdul-Mateen II,Karl,2
Striking Vipers,Nicole Beharie,Theo,3
Striking Vipers,Pom Klementieff,Roxette,4
Striking Vipers,Ludi Lin,Lance,5
Striking Vipers,August Muschett,Tyler,6
Striking Vipers,Fola Evans-Akingbola,Mariella,7
Striking Vipers,Monique Cynthia Brown,Daisy,8
Striking Vipers,Caroline Martin,Jemma,9
Striking Vipers,Jordan Carlos,Simon,10
Striking Vipers,Guilherme Vallim,Maxwell,11
Striking Vipers,Eduardo Mossri,Waiter,12
Striking Vipers,Austin Michael Young,Chester,13
Striking Vipers,Joe Parker,Jason,14
Smithereens,Andrew Scott,Chris Gillhaney,1
Smithereens,Damson Idris,Jaden,2
Smithereens,Topher Grace,Billy Bauer,3
Smithereens,Monica Dolan,CS Linda Grace,4
Smithereens,Amanda Drew,Hayley,5
Smithereens,Daniel Ings,David Gilkes,6
Smithereens,Ruibo Qian,Penelope Wu,7
Smithereens,Ambreen Razia,WPC Najma Haque,8
Smithereens,Calum Callaghan,PC Damien Bullen,9
Smithereens,Quincy Dunn-Baker,Don,10
Smithereens,Mirirai,Shonelle,11
Smithereens,Laura Morgan,Thalia,12
Smithereens,Caitlin Innes Edwards,Hannah,13
Smithereens,Maggie Bain,Maryam,14
Smithereens,Conrad Khan,Dibbs,15
Smithereens,Archie Rush,Cosmo,16
Smithereens,Jorge Cordova,Agent Cruz,17
Smithereens,Crystal Clarke,Tipi,18
Smithereens,Seun Shote,Simon,19
Smithereens,Gareth Kane,PC Wanson,20
Smithereens,Sarah Ridgeway,WPC Roach,21
Smithereens,Adam McNamara,Marksman Harris,22
Smithereens,Alice Bailey Johnson,Markswoman Jones,23
Smithereens,Roger Alborough,Joe,24
Smithereens,Hilary Connell,Receptionist,25
"Rachel, Jack and Ashley Too",Miley Cyrus,Ashley O,1
"Rachel, Jack and Ashley Too",Angourie Rice,Rachel,2
"Rachel, Jack and Ashley Too",Madison Davenport,Jack,3
"Rachel, Jack and Ashley Too",Susan Pourfar,Catherine,4
"Rachel, Jack and Ashley Too",Marc Menchaca,Kevin,5
"Rachel, Jack and Ashley Too",Jerah Milligan,Busy G,6
"Rachel, Jack and Ashley Too",Daniel Stewart Sherman,Bear,7
"Rachel, Jack and Ashley Too",James III,Habanero,8
"Rachel, Jack and Ashley Too",Nicholas Pauling,Dr. Munk,9
"Rachel, Jack and Ashley Too",Frances Sholto-Douglas,Carmen,10
"Rachel, Jack and Ashley Too",Greg Kriek,Todd,11
"Rachel, Jack and Ashley Too",Mikkie-Dene Le Roux,Ms Walpole,12
"Rachel, Jack and Ashley Too",Sive Gubangxa,Stage Manager,13
"Rachel, Jack and Ashley Too",Martin Munro,Caretaker,14
"Rachel, Jack and Ashley Too",Alessa Gironi,Leah,15
"Rachel, Jack and Ashley Too",Savana Tardieu,Magnolia,16
"Rachel, Jack and Ashley Too",Jamie Royal,Nurse,17
"Rachel, Jack and Ashley Too",Edward J. Pepperell,Cop,18
Joan Is Awful,Annie Murphy,Joan / Annie Murphy,1
Joan Is Awful,Salma Hayek,TV Joan / Salma Hayek,2
Joan Is Awful,Michael Cera,Beppe,3
Joan Is Awful,Himesh Patel,TV Krish,4
Joan Is Awful,Avi Nash,Krish,5
Joan Is Awful,Wunmi Mosaku,TV Joan's Lawyer,6
Joan Is Awful,Lolly Adefope,Joan's Lawyer,7
Joan Is Awful,Rob Delaney,Mac,8
Joan Is Awful,Ben Barnes,TV Mac,9
Joan Is Awful,Jared Goldstein,Eric,10
Joan Is Awful,Jaboukie Young-White,TV Eric,11
Joan Is Awful,Ayo Edebiri,Sandy,12
Joan Is Awful,Camirin Farmer,TV Sandy,13
Joan Is Awful,Kayla Lorette,Source Joan,14
Joan Is Awful,Leila Farzad,Mona Javadi,15
Joan Is Awful,Rich Fulcher,Gainsborough,16
Joan Is Awful,Ellen Robertson,Sandy's Pal,17
Joan Is Awful,Luke Beattie,Brutus,18
Joan Is Awful,Paul Gorvin,TV Brutus,19
Joan Is Awful,Laurel Lefkow,Dr Atkinson,20
Joan Is Awful,Éva Magyar,TV Dr Atkinson,21
Joan Is Awful,Bea Segura,Source Dr Atkinson,22
Joan Is Awful,Steen Raskopoulos,Mike the Jogger,23
Joan Is Awful,Max Harwood,Julian,24
Joan Is Awful,Brian Law,Guy in Skillane Legal,25
Joan Is Awful,Anthony Wise,Pastor,26
Joan Is Awful,Alex Magliaro,Male Cop,27
Joan Is Awful,Mujde Ipek,Female Cop,28
Joan Is Awful,Mark McKerracher,TV Pastor,29
Joan Is Awful,Tessa Wong,Streamberry Receptionist,30
Joan Is Awful,Danielle Vitalis,Fatima Klaas,31
Joan Is Awful,Mary Beth Barone,Lucy,32
Loch Henry,Samuel Blenkin,Davis McCardle,1
Loch Henry,Myha'la Herrold,Pia,2
Loch Henry,Daniel Portman,Stuart King,3
Loch Henry,John Hannah,Richard King,4
Loch Henry,Monica Dolan,Janet McCardle,5
Loch Henry,Gregor Firth,Kenneth,6
Loch Henry,Ellie White,Kate Cezar,7
Loch Henry,Tom Crowhurst,Iain Adair,8
Loch Henry,Scott Mooney,Simon Challis,9
Loch Henry,Beth Robb Adams,Dawn Challis,10
Loch Henry,Alisa Gashi,Reconstruction Dawn,11
Loch Henry,Kirsty Wark,Award Presenter,12
Loch Henry,Weruche Opia,Actress,13
Loch Henry,Laura Cairns,Doctor,14
Loch Henry,Marcella Whittingdale,Reporter,15
Loch Henry,Clive Myrie,Clive Myrie,16
Loch Henry,Richard Ayoade,His Own Actual Voice (voice),17
Beyond the Sea,Aaron Paul,Cliff Stanfield,1
Beyond the Sea,Josh Hartnett,David Ross,2
Beyond the Sea,Kate Mara,Lana Stanfield,3
Beyond the Sea,Auden Thornton,Jessica Ross,4
Beyond the Sea,Rory Culkin,Kappa,5
Beyond the Sea,Daniel Bell,Henry Stanfield,6
Beyond the Sea,Billie Sturrock Kewish,Lily Ross,7
Beyond the Sea,Charlie Fidelski,Ricky Ross,8
Beyond the Sea,Olen Gunn,Kyle,9
Beyond the Sea,Lydia Cherry,Sally,10
Beyond the Sea,Marama Corlett,Theta,11
Beyond the Sea,Siân Davis,Sigma,12
Beyond the Sea,Ioachim Ciobanu,Epsilon,13
Beyond the Sea,Simon Markey,Pastor,14
Beyond the Sea,Marceline Hugot,Bookshop Clerk,15
Mazey Day,Zazie Beetz,Bo,1
Mazey Day,Clara Rugaard,Mazey Day,2
Mazey Day,Danny Ramirez,Hector,3
Mazey Day,Robbie Tann,Whitty,4
Mazey Day,James P. Rees,Duke,5
Mazey Day,David Rysdahl,Nathan,6
Mazey Day,Jack Bandeira,Terry,7
Mazey Day,Corey Johnson,Clay,8
Mazey Day,Kenneth Collard,Doctor Dmitri Babich,9
Mazey Day,Charles Hagerty,Justin,10
Mazey Day,Patrick Toomey,Nick,11
Mazey Day,Marieta Sánchez,Luisa,12
Mazey Day,Yoojin Lee,Ji-Hoon,13
Mazey Day,Lucía Pemán,Sydney Alberti,14
Mazey Day,Marta Castellví,Misty,15
Mazey Day,Alex Britt,Edwin,16
Mazey Day,Julio Perillán,Mazey's Director,17
Mazey Day,Gary Anthony Stennette,Mazey's 1st AD,18
Demon 79,Anjana Vasan,Nida Huq,1
Demon 79,Paapa Essiedu,Gaap,2
Demon 79,Katherine Rose Morley,Vicky,3
Demon 79,David Shields,Michael Smart,4
Demon 79,Nicholas Burns,Keith Holligan,5
Demon 79,Shaun Dooley,Len Fisher,6
Demon 79,Emily Fairn,Suzie,7
Demon 79,Nick Holder,Mr Duncan,8
Demon 79,Joe Evans,Tim Simons,9
Demon 79,Hayley Considine,Jean Simons,10
Demon 79,Joshua James,Chris Holligan,11
Demon 79,Steve Garti,Landlord,12
Demon 79,Vicky Binns,Julie the Barmaid,13
Demon 79,Jonny Cordingley,Rod,14
Demon 79,Joe Hughes,Husband,15
Demon 79,Bethan Nash,Wife,16
Demon 79,Janie Booth,Sweet Gran,17
Demon 79,Joseph Aumeer,Demon Gaap,18
Demon 79,Lillie Mae Law,Laura Simons,19